AIRLINE,count,max,mean,min
VX,4647,397,6.896277,-20
HA,6408,1003,1.311954,-26
F9,6735,696,17.910765,-32
NK,8632,557,13.0731,-28
AS,13151,444,3.072086,-47
B6,20482,500,9.988331,-27
MQ,27568,780,15.995865,-29
US,32478,638,5.175011,-26
UA,37363,886,13.885555,-40
AA,43074,1988,10.548335,-29
OO,46655,931,11.999957,-48
EV,48084,726,9.678895,-33
DL,63676,1184,5.888215,-26
WN,98060,604,9.453426,-15